id,utilisateur,game_id,equipe_pronostiquee,date_pronostic
1,admin33,42400404,OKC,2025-06-13 08:27:45.017971
7,Polo,42400404,OKC,2025-06-13 10:03:03.635726
20,Tout_Sec,42400404,OKC,2025-06-13 14:39:42.358200
59,Tout_Sec,42400407,IND,2025-06-14 16:15:38.162217
61,Tout_Sec,42400405,OKC,2025-06-14 18:59:14.874732
62,Tout_Sec,42400406,IND,2025-06-14 18:59:33.561386
64,Milk_it,42400405,OKC,2025-06-14 19:42:17.713960
75,Polo,42400405,OKC,2025-06-16 15:03:48.080794
77,admin33,42400405,OKC,2025-06-16 21:38:52.124896
81,Polo,42400406,OKC,2025-06-17 18:57:56.908090
82,admin33,42400406,OKC,2025-06-17 21:21:47.934628
